reading_id,meter_id,taken_at,value,source,verified
RDG-4001,MTR-1001,2026-07-05,18423.00,actual,true
RDG-4002,MTR-1001,2026-07-12,18441.40,smart,TRUE
RDG-4003,MTR-1001,2026-07-19,18461.55,smart,1
RDG-4003,MTR-1001,2026-07-19,18461.55,smart,1
RDG-4004,MTR-1001,2026-07-26,18479.15,actual,yes
RDG-4005,MTR-1001,2026-08-02,18498.40,smart,Y
RDG-4006,MTR-1001,09/08/2026,18520.70,smart,false
RDG-4007,MTR-1001,2026-08-16,18537.25,actual,0
RDG-4008,MTR-1001,2026-08-23,18557.05,smart,no
RDG-4009,MTR-1001,2026-08-30,18578.45,smart,true
RDG-4010,MTR-1001,2026-09-06,18597.20,actual,TRUE
RDG-4011,MTR-1001,2026-09-13,18617.80,smart,1
RDG-4012,MTR-1002,2026-07-05,4216.50,actual,yes
RDG-4013,  MTR-1002 ,2026-07-12,4224.80,smart,Y
RDG-4014,MTR-1002,2026-07-19,4233.95,smart,false
RDG-4015,MTR-1002,26/07/2026,4241.75,actual,0
RDG-4016,MTR-1002,2026-08-02,4252.15,smart,no
RDG-4017,MTR-1002,2026-08-09,4260.80,smart,true
RDG-4018,MTR-1002,2026-08-16,,actual,TRUE
RDG-4019,MTR-1002,2026-08-23,4278.35,smart,1
RDG-4020,MTR-1002,2026-08-30,4287.25,smart,yes
RDG-4021,MTR-1003,2026-07-05,39051.00,actual,Y
RDG-4022,MTR-1003,2026-07-12,39082.20,smart,false
RDG-4103,MTR-9999,2026-07-12,1024.00,smart,true
RDG-4023,MTR-1003,2026-07-19,39111.10,smart,0
RDG-4024,MTR-1003,2026-07-26,39144.55,actual,no
RDG-4025,MTR-1003,2026-08-02,39172.20,smart,true
RDG-4026,MTR-1003,2026-08-09,39202.30,smart,TRUE
RDG-4026,MTR-1003,2026-08-09,39202.30,smart,TRUE
RDG-4027,MTR-1003,2026-08-16,39237.10,actual,1
RDG-4028,MTR-1003,2026-08-23,39266.60,smart,yes
RDG-4029,MTR-1003,2026-08-30,39298.65,smart,Y
RDG-4029,MTR-1003,2026-08-30,39311.15,smart,Y
RDG-4030,MTR-1003,2026-09-06,39329.25,actual,false
RDG-4031,MTR-1003,2026-09-13,39357.60,smart,0
RDG-4032,MTR-1004,2026-07-05,16250.33,actual,no
RDG-4033,MTR-1004,2026-07-12,16271.83,smart,true
RDG-4034,MTR-1004,2026-07-19,16290.58,smart,TRUE
RDG-4035,MTR-1004,2026-07-26,16313.68,actual,1
RDG-4036,MTR-1004,2026-08-02,16333.58,smart,yes
RDG-4037,MTR-1004,2026-08-09,16354.03,smart,Y
RDG-4038,MTR-1004,2026-08-16,16376.28,actual,false
RDG-4039,MTR-1004,2026-08-23,16393.88,smart,0
RDG-4040,MTR-1004,2026-08-30,16417.68,smart,no
RDG-4041,MTR-1004,2026-09-06,16438.73,actual,true
RDG-4042,MTR-1004,2026-09-13,16458.08,smart,TRUE
RDG-4043,MTR-1004,2026-09-20,16480.98,smart,1
RDG-4044,MTR-1004,2026-09-27,16500.33,actual,yes
RDG-4045,MTR-1005,2026-07-05,124.50,actual,Y
RDG-4046,MTR-1005,2026-07-12,139.00,smart,false
RDG-4047,MTR-1005,2026-07-19,155.20,smart,0
RDG-4048,MTR-1005,2026-07-26,169.05,actual,no
RDG-4049,MTR-1005,2026-08-02,184.45,smart,true
RDG-4050,MTR-1005,2026-08-09,199.20,smart,TRUE
RDG-4051,MTR-1006,2026-07-05,2889.00,actual,1
RDG-4052,MTR-1006,2026-07-12,2895.90,smart,yes
RDG-4053,MTR-1006,19/07/2026,2903.35,smart,Y
RDG-4054,MTR-1006,2026-07-26,2909.55,actual,false
RDG-4055,MTR-1006,2026-08-02,2917.65,customer_photo,0
RDG-4056,MTR-1006,2026-08-09,2924.70,smart,no
RDG-4057,MTR-1006,2026-08-16,2932.30,actual,true
RDG-4058,MTR-1007,2026-07-05,51307.00,actual,TRUE
RDG-4059,MTR-1007,2026-07-12,51349.10,smart,1
RDG-4060,MTR-1007,2026-07-19,51388.95,smart,yes
RDG-4061,MTR-1007,2026-07-26,51433.55,actual,Y
RDG-4061,MTR-1007,2026-07-26,51433.55,actual,Y
RDG-4062,MTR-1007,2026-08-02,51474.30,smart,false
RDG-4063,mtr-1007,2026-08-09,51517.60,smart,0
RDG-4064,MTR-1007,2026-08-16,51556.50,actual,no
RDG-4065,MTR-1007,2026-08-23,51597.95,smart,true
RDG-4066,MTR-1007,2026-08-30,51643.15,smart,TRUE
RDG-4067,MTR-1008,2026-07-05,16642.00,actual,1
RDG-4068,MTR-1008,2026-07-12,16667.40,smart,yes
RDG-4069,MTR-1008,2026-07-19,16690.55,smart,Y
RDG-4069,MTR-1008,2026-07-19,16686.25,smart,Y
RDG-4070,MTR-1008,2026-07-26,16717.45,actual,false
RDG-4104,MTR-1013,2026-07-26,1024.00,smart,true
RDG-4071,MTR-1008,2026-08-02,N/A,smart,0
RDG-4072,MTR-1008,2026-08-09,16767.50,smart,no
RDG-4073,MTR-1008,2026-08-16,16790.10,actual,true
RDG-4074,MTR-1008,2026-08-23,16814.85,smart,TRUE
RDG-4075,MTR-1009,2026-07-05,99950.00,actual,1
RDG-4076,MTR-1009,2026-07-12,99969.80,smart,yes
RDG-4077,MTR-1009,2026-07-19,99991.25,smart,Y
RDG-4078,MTR-1009,2026-07-26,10.00,actual,false
RDG-4079,MTR-1009,2026-08-02,30.50,smart,0
RDG-4080,MTR-1009,2026-08-09,49.70,smart,no
RDG-4081,MTR-1009,2026-08-16,71.80,actual,true
RDG-4082,MTR-1010,2026-07-05,1993.00,actual,TRUE
RDG-4083,MTR-1010,2026-07-12,1998.60,smart,1
RDG-4084,mtr-1010 ,2026-07-19,2004.75,smart,yes
RDG-4085,MTR-1010,2026-07-26,2009.65,customer_photo,Y
RDG-4086,MTR-1010,2026-08-02,2016.35,smart,false
RDG-4087,MTR-1010,2026-08-09,2022.20,smart,0
RDG-4088,MTR-1011,2026-07-05,24508.00,actual,no
RDG-4089,MTR-1011,12/07/2026,24536.70,smart,true
RDG-4090,MTR-1011,2026-07-19,24566.85,smart,TRUE
RDG-4091,MTR-1011,2026-07-26,"2512,40",actual,1
RDG-4092,MTR-1011,2026-08-02,24623.80,smart,yes
RDG-4092,MTR-1011,2026-08-02,24623.80,smart,yes
RDG-4093,MTR-1011,2026-08-09,24655.00,smart,Y
RDG-4094,MTR-1011,2026-08-16,24681.80,actual,false
RDG-4095,MTR-1011,2026-08-23,24710.70,smart,0
RDG-4096,MTR-1012,2026-07-05,8764.00,actual,no
RDG-4097,MTR-1012,2026-07-12,8781.20,smart,true
RDG-4098, MTR-1012,2026-07-19,8800.05,smart,TRUE
RDG-4099,MTR-1012,2026-07-26,-118.75,actual,1
RDG-4100,MTR-1012,02/08/2026,8834.50,smart,yes
RDG-4101,MTR-1012,2026-08-09,8853.80,smart,Y
RDG-4102,MTR-1012,2026-08-16,8869.85,actual,false
